{
    "loss": 0.5614029169082642,
    "accuracy": 0.843137264251709
}